id,reg_date,first_name,last_name,email,phone,street,city,state,zipcode
1,11/12/08 10:47,allison,nguyen,arannon@jumpstartlab.com,6154385000,3155 19th St NW,Washington,DC,20010
2,11/12/08 13:23,sarah,hankins,pinalevitsky@jumpstartlab.com,414-520-5000,2022 15th Street NW,Washington,DC,20009
69,12/8/08 20:31,sofia,murillo,lpohen@jumpstartlab.com,202 319 2000,"702 H St, suite 300",Washington,DC,20001
126,12/11/08 11:56,katie,baimas-george,svsullivan88@jumpstartlab.com,608-516-9000,1123 Harvard St. unit R,Washington,DC,20009
351,12/19/08 10:40,nate,endres,rmaiorana@jumpstartlab.com,3109024000,3332 Quesada St.,NW,DC,20015
359,12/19/08 12:32,melanie,stevenson,jebergma@jumpstartlab.com,202-270-3000,3646 Warder St. NW,Washington,DC,20010
361,12/19/08 12:38,aurora,ortega,yfr42@jumpstartlab.com,202 554 3000,520 N St SW,Washington,DC,20024
362,12/19/08 12:44,justin,chinana,ipesha226@jumpstartlab.com,(434) 989 1000,3321 16th St NW,Washington,DC,20010
363,12/19/08 12:49,lee,sachs,bwd6273@jumpstartlab.com,202-635-2000,1225 Otis St NE,Washington,DC,20017
367,12/19/08 12:58,kristina,trowbridge,oumandrell@jumpstartlab.com,202-481-6000,"110 Maryland Ave., NE, Suite 108",Washington,DC,20002
369,12/19/08 13:15,sean,modawal,ufmPalley@jumpstartlab.com,202 232 7000,1718 Connecticut Ave. NW Suite 300,Washington,DC,20009
370,12/19/08 13:16,michael,murphy,bxthewsm@jumpstartlab.com,202 232 7000,1718 Connecticut Ave. NW Suite 300,Washington,DC,20009
371,12/19/08 13:19,callie,mclaughlin,gdacyjamesrossi2@jumpstartlab.com,202-552-3000,"391 Michigan Ave., NE",Washington,DC,20017
372,12/19/08 13:30,eva,rotman,cgngo8456@jumpstartlab.com,202-756-4000,PO Box 29132,Washington,DC,20017
478,12/20/08 14:05,donna,taylor,hmisJohnsonPS@jumpstartlab.com,215-715-0000,1409 37th St NW,Washington,DC,20007
480,12/20/08 16:43,dan,fraissinet,kggoyer@jumpstartlab.com,8504455000,"Box #577150, Georgetown Univ.",Washington,DC,20057
577,1/5/09 15:32,william,kristian,xokelly@jumpstartlab.com,603-661-5000,812 Randolph St. NW,Washington,DC,20011
695,1/7/09 10:57,jessie,kurdyla,etcooke11@jumpstartlab.com,805-907-5000,"2915 Connecticut Avenue, NW Apt. 207",Washington,DC,20008
751,1/12/09 2:55,sophie,lade,cpagenkn@jumpstartlab.com,3214804000,2505 13th St. NW,Washington,DC,20009
752,1/12/09 2:57,lala,leung,vsmcneal@jumpstartlab.com,5613391000,2505 13th St. NW,Washington,DC,20009
782,1/15/09 16:08,daryl,gutbrod,tknt.jamie@jumpstartlab.com,2022562000,2941 Chesapeake St NW,Washington,DC,20008
838,1/17/09 0:38,megan,craig,nslopuppet_o_o@jumpstartlab.com,917-280-6000,1409 37th St.,Washington,DC,20007
847,1/18/09 2:48,laura,xx,abnedoe3@jumpstartlab.com,802-659-4000,"2601 Woodley Place NW, Apt 813",Washington,DC,20008
860,1/19/09 11:22,jeannie,bryant,kkserpe08@jumpstartlab.com,845-797-3000,"2727 29th Street NW, Apt 305",Washington,DC,20008
862,1/19/09 11:29,rachel,haut,jqisten.greenwald@jumpstartlab.com,845-797-3000,"2727 29th Street NW, Apt. 232",Washington,DC,20008
864,1/19/09 11:35,lucia,karoluk,wonisegarcia666@jumpstartlab.com,315-750-0000,"2727 29th Street NW, Apt. 305",Washington,DC,20008
866,1/19/09 11:43,jenna,b,wdack.satin.feathers@jumpstartlab.com,973-902-1000,"2727 29th Street NW, Apt. 305",Washington,DC,20008
868,1/19/09 11:46,lucy,frick,xcott33@jumpstartlab.com,201-913-4000,"2727 29th Street NW, Apt. 211",Washington,DC,20008
869,1/19/09 11:49,alan,stoneking,euizabethlev@jumpstartlab.com,646-258-2000,"2727 29th Street NW, Apt. 529",Washington,DC,20008
871,1/19/09 11:52,vax,doe,nyesoto@jumpstartlab.com,315-391-7000,2727 29th Street NW,Washington,DC,20008
873,1/19/09 11:58,erik,beardsley,ngangrpl@jumpstartlab.com,201-786-3000,"2727 29th Street NW, Apt. 232",Washington,DC,20008
874,1/19/09 12:02,guy,halter,rdett.buikema@jumpstartlab.com,707-337-3000,"2727 29th Street NW, Apt. 529",Washington,DC,20008
876,1/19/09 12:05,juliette,alvarez,luroberts05@jumpstartlab.com,973-332-3000,"2727 29th Street NW, Apt. 323",Washington,DC,20008
878,1/19/09 12:07,fiona,mclaren,wyohr@jumpstartlab.com,315-825-5000,"2727 29th Street NW, Apt. 232",Washington,DC,20008
1203,1/20/09 23:29,jen,peavler,wyate2@jumpstartlab.com,240 645 5000,"3000 Cathedral Avenue, NW",Washington,DC,20008
1211,1/20/09 23:35,laura,oh,ball0166@jumpstartlab.com,240 645 5000,"3000 Cathedral Ave, NW",Washington,DC,20008
1213,1/20/09 23:38,zack,astrove,fkolfgan@jumpstartlab.com,240 645 5000,"3000 Cathedral Ave, NW",Washington,DC,20008
1215,1/20/09 23:40,one,fitzgerald,nplds@jumpstartlab.com,240 645 5000,"3000 Cathedral Ave, NW",Washington,DC,20008
1218,1/20/09 23:43,meghan,vanegas,bu@jumpstartlab.com,240 645 5000,"3000 Cathedral Ave, NW",Washington,DC,20008
1221,1/20/09 23:45,lauren,berlin,kff_wehrenjk@jumpstartlab.com,240 645 5000,"3000 Cathedral Ave, NW",Washington,DC,20008
1223,1/20/09 23:48,allison,gracey,fhrlemail1@jumpstartlab.com,240 645 5000,"3000 Cathedral Ave, NW",Washington,DC,20008
1225,1/20/09 23:50,lindsay,aronoff,aslissanypirg@jumpstartlab.com,240 645 5000,"3000 Cathedral Ave, NW",Washington,DC,20008
1229,1/20/09 23:51,jennifer,avalos,deiaz@jumpstartlab.com,443-504-4000,3168 17th St NW,Washington,DC,20010
1232,1/20/09 23:52,stephanie,baird,omani.sheva@jumpstartlab.com,240 645 5000,"3000 Cathedral Ave, NW",Washington,DC,20008
1234,1/20/09 23:55,kendra,xx,ygalabre@jumpstartlab.com,240 645 5000,"3000 Cathedral Ave, NW",Washington,DC,20008
1236,1/20/09 23:57,katey,benders,jdf28@jumpstartlab.com,240 645 5000,"3000 Cathedral Ave, NW",Washington,DC,20008
1247,1/21/09 0:06,alyssa,abraham,durnetta@jumpstartlab.com,240 645 5000,"3000 Cathedral Ave, NW",Washington,DC,20008
1248,1/21/09 0:09,sierra,langone,jbmcwilliams@jumpstartlab.com,240 645 5000,"3000 Cathedral Ave, NW",Washington,DC,20008
1250,1/21/09 0:11,megan,j,gwlter@jumpstartlab.com,240 645 5000,"3000 Cathedral Ave, NW",Washington,DC,20008
1252,1/21/09 0:14,adam,starodaj,fkorterfield@jumpstartlab.com,240 645 5000,"3000 Cathedral Ave, NW",Washington,DC,20008
1253,1/21/09 0:16,roxanne,carbajo,bxlegra.fonda-bonardi@jumpstartlab.com,240 645 5000,"3000 Cathedral Ave, NW",Washington,DC,20008
1254,1/21/09 0:18,adriana,zapfel,vemusic@jumpstartlab.com,240 645 5000,"3000 Cathedral Ave, NW",Washington,DC,20008
1257,1/21/09 0:22,medina,cao,dkulger@jumpstartlab.com,240 645 5000,"3000 Cathedral Ave, NW",Washington,DC,20008
1258,1/21/09 0:24,althea,xx,udsaw87@jumpstartlab.com,240 645 5000,"3000 Cathedral Ave, NW",Washington,DC,20008
1385,1/21/09 14:57,ryan,debuck,ghyce_m@jumpstartlab.com,240 645 5000,3000 Cathedral Ave NW,Washington,DC,20008
1389,1/21/09 15:18,jenny,barrett,ym1106a@jumpstartlab.com,515-231-4000,4201 Massachusetts Ave NW,Washington,DC,20016
1392,1/21/09 15:27,monica,wilson,rblary@jumpstartlab.com,201-208-5000,4400 Massachusetts Ave NW,Washington,DC,20016
1397,1/21/09 15:41,sandy,mike-bidtah,sytrm6@jumpstartlab.com,203-687-6000,4400 Massachusetts Ave NW,Washington,DC,20016
1403,1/21/09 15:47,jacob,two,cyvid@jumpstartlab.com,215-527-5000,4400 Massachusetts Ave NW,Washington,DC,20016
1406,1/21/09 15:51,erika,guilbeault,qt336707@jumpstartlab.com,856-309-1000,4400 Massachusetts Ave NW,Washington,DC,20016
1411,1/21/09 15:55,rachel,kazyak,lpmberly.upstill07@jumpstartlab.com,717-405-9000,4400 Massachusetts Ave NW,Washington,DC,20016
1414,1/21/09 15:58,alejandro,anderson,sydy0314@jumpstartlab.com,914-441-7000,4400 Massachusetts Ave NW,Washington,DC,20016
1418,1/21/09 16:02,jennifer,silva,qpfox@jumpstartlab.com,202-457-7000,4400 Massachusetts Ave NW,Washington,DC,20016
1419,1/21/09 16:03,madeline,shamel,wq1luv@jumpstartlab.com,301 6545000,"3825 Wisconsin Avenue, NW",Washington,DC,20016
1422,1/21/09 16:05,samuel,carpenter,wsmanley@jumpstartlab.com,301 6545000,"3825 Wisconsin Avenue, NW",Washington,DC,20016
1423,1/21/09 16:06,meredith,lochner,mosheridan@jumpstartlab.com,610-334-0000,4400 Massachusetts Ave NW,Washington,DC,20016
1427,1/21/09 16:09,james,doe,nlhneenampudiyay@jumpstartlab.com,267-467-4000,4400 Massachusetts Ave NW,Washington,DC,20016
1428,1/21/09 16:09,josh,evarts,bnaci@jumpstartlab.com,301 6545000,"3825 Wisconsin Avenue, NW",Washington,DC,20016
1430,1/21/09 16:10,alicia,veysey,cyaen1.arnold@jumpstartlab.com,301 6545000,"3825 Wisconsin Avenue, NW",Washington,DC,20016
1431,1/21/09 16:13,grant,le,xlielke@jumpstartlab.com,301 6545000,"3825 Wisconsin Avenue, NW",Washington,DC,20016
1434,1/21/09 16:14,mayrah,hecht,htcmseac@jumpstartlab.com,301 6545000,"3825 Wisconsin Avenue, NW",Washington,DC,20016
1437,1/21/09 16:16,jessica,mellen,egm118@jumpstartlab.com,301 6545000,"3825 Wisconsin Avenue, NW",Washington,DC,20016
1439,1/21/09 16:18,jamie3,crutcher,ssckereg@jumpstartlab.com,301 6545000,"3825 Wisconsin Avenue, NW",Washington,DC,20016
1441,1/21/09 16:23,kelsy,weitner,bxBurdiss@jumpstartlab.com,301 6545000,"3825 Wisconsin Avenue, NW",Washington,DC,20016
1443,1/21/09 16:25,ashley,vandeputte,owzapf@jumpstartlab.com,301 6545000,"3825 Wisconsin Avenue, NW",Washington,DC,20016
1445,1/21/09 16:27,meaghan,cunningham,njompsonswartz@jumpstartlab.com,301 6545000,"3825 Wisconsin Avenue, NW",Washington,DC,20016
1448,1/21/09 16:29,natalie,otukoya,kq454969@jumpstartlab.com,301 6545000,"3825 Wisconsin Avenue, NW",Washington,DC,20016
1451,1/21/09 16:31,alicia,weisberg,nuagnoni@jumpstartlab.com,301 6545000,"3825 Wisconsin Avenue, NW",Washington,DC,20016
1452,1/21/09 16:32,olivia,costa,blsmith@jumpstartlab.com,301 6545000,"3825 Wisconsin Avenue, NW",Washington,DC,20016
1455,1/21/09 16:34,winslow,hanson,cvtrohmayer@jumpstartlab.com,301 6545000,"3825 Wisconsin Avenue, NW",Washington,DC,20016
1459,1/21/09 16:36,leah,ayers,vjstevens_2010@jumpstartlab.com,301 6545000,"3825 Wisconsin Avenue, NW",Washington,DC,20016
1462,1/21/09 16:38,meagan,siegel,ifhirih.alia@jumpstartlab.com,301 6545000,"3825 Wisconsin Avenue, NW",Washington,DC,20016
1466,1/21/09 16:40,alexandra,jenkins,kxnlop316@jumpstartlab.com,301 6545000,"3825 Wisconsin Avenue, NW",Washington,DC,20016
1469,1/21/09 16:42,jesse,farrell,iwee@jumpstartlab.com,301 6545000,"3825 Wisconsin Avenue, NW",Washington,DC,20016
1473,1/21/09 16:44,adam,zimmerman,jal08d@jumpstartlab.com,301 6545000,"3825 Wisconsin Avenue, NW",Washington,DC,20016
1476,1/21/09 16:45,abigail,keith,qinder.buitelaar@jumpstartlab.com,301 6545000,"3825 Wisconsin Avenue, NW",Washington,DC,20016
1478,1/21/09 16:47,kayla,stevens,vda2@jumpstartlab.com,301 6545000,"3825 Wisconsin Avenue, NW",Washington,DC,20016
1481,1/21/09 16:49,jane,green,cmohan3@jumpstartlab.com,301 6545000,"3825 Wisconsin Avenue, NW",Washington,DC,20016
1484,1/21/09 16:51,ashley,tourneville,wcbutler@jumpstartlab.com,301 6545000,"3825 Wisconsin Avenue, NW",Washington,DC,20016
1485,1/21/09 16:52,chelsea,gaudin,maitenz@jumpstartlab.com,301 6545000,"3825 Wisconsin Avenue, NW",Washington,DC,20016
1488,1/21/09 16:54,jordan,indvik,mbraele@jumpstartlab.com,301 6545000,"3825 Wisconsin Avenue, NW",Washington,DC,20016
1687,1/21/09 20:20,julia,hatcher,uyliott@jumpstartlab.com,551 486 5000,"1804 Kilbourne Pl NW,",Washington,DC,20010
2072,1/21/09 22:39,vanessa,beckman,leerry.finkel@jumpstartlab.com,913.406.3000,"620 21st Street, NW, #201",Washington,DC,66209
2114,1/21/09 22:47,matthew,gibbs,gxskag08@jumpstartlab.com,202.386.0000,2222 Eye Street,Washington,DC,20052
2130,1/21/09 22:50,karson,dowd,klotazewell@jumpstartlab.com,347-207-2000,"2222 Eye Street, NW, #303",Washington,DC,20052
2146,1/21/09 22:52,kimberly,furey,jqayes25@jumpstartlab.com,602.291.3000,"950 24th St, NW, #816",Washington,DC,20052
2162,1/21/09 22:56,kate,wojtalewicz,pfdasamc@jumpstartlab.com,413.539.3000,"950 24th St, NW, #413",Washington,DC,20052
2182,1/21/09 23:00,rachel,milem,vvurphy3@jumpstartlab.com,330-388-9000,"2021 F Street, NW, #921",Washington,DC,20052
2200,1/21/09 23:05,cress,schafer,sodolgin@jumpstartlab.com,#######000,"620 21st Street, NW",Washington,DC,20052
2207,1/21/09 23:08,molly,jackson,ofdaroman@jumpstartlab.com,504-994-7000,"950 24th St, NW, #1108",Washington,DC,20052
2215,1/21/09 23:11,vanessa,dawson,casusanrubin@jumpstartlab.com,802.598.2000,"950 24th St, NW, #816",Washington,DC,20052
2222,1/21/09 23:13,raymond,vyas,gwdela10@jumpstartlab.com,860-478-4000,"2222 Eye Street, NW, #302",Washington,DC,20052
2334,1/21/09 23:46,christian,nelson,vkchel.neuschatz@jumpstartlab.com,201-919-1000,"2031 F Street, NW",Washington,DC,20052
2537,1/22/09 8:16,roxanna,mellace,lvarnswo@jumpstartlab.com,773 330 2000,"1723 Webster St, NW",Washington,DC,0
2575,1/23/09 13:03,brian,zipin,wwshaw@jumpstartlab.com,301-312-7000,"3825 Wisconsin Avenue, NW",Washington,DC,20016
2576,1/23/09 13:36,lacey,tran,whsouza@jumpstartlab.com,301-312-7000,"3825 Wisconsin Avenue, NW",Washington,DC,20016
2578,1/23/09 13:40,allyson,mccole,ixlmeida@jumpstartlab.com,301-312-7000,"3825 Wisconsin Avenue, NW",Washington,DC,20016
2579,1/23/09 13:43,elizabeth,lenhart,xwmmerlek@jumpstartlab.com,301-312-7000,"3825 Wisconsin Avenue, NW",Washington,DC,20016
2580,1/23/09 13:45,kelsey,walters,hctthew.kramer@jumpstartlab.com,301-312-7000,"3825 Wisconsin Avenue, NW",Washington,DC,20016
2581,1/23/09 13:47,einer,sorenson,sxafcook@jumpstartlab.com,301-312-7000,"3825 Wisconsin Avenue, NW",Washington,DC,20016
2582,1/23/09 13:50,lucia,rojas,hlujaeagles@jumpstartlab.com,301-312-7000,"3825 Wisconsin Avenue, NW",Washington,DC,20016
2583,1/23/09 13:54,lauren,kent,epygrl7@jumpstartlab.com,301-312-7000,"3825 Wisconsin Avenue, NW",Washington,DC,20016
2584,1/23/09 13:56,kim,lobue,tclpert@jumpstartlab.com,301-312-7000,"3825 Wisconsin Avenue, NW",Washington,DC,20016
2585,1/23/09 14:01,paula,rowe,ggbin.averbeck@jumpstartlab.com,301-312-7000,"3825 Wisconsin Avenue, NW",Washington,DC,20016
2586,1/23/09 14:02,amanda,flanagan,rrnka@jumpstartlab.com,301-312-7000,"3825 Wisconsin Avenue, NW",Washington,DC,20016
2587,1/23/09 14:05,rachel,mack,kjaru@jumpstartlab.com,301-312-7000,"3825 Wisconsin Avenue, NW",Washington,DC,20016
2588,1/23/09 14:07,annelies,vig,orrek.j.roy@jumpstartlab.com,301-312-7000,http://410woman.googlepages.com,Washington,DC,20016
2618,1/24/09 22:01,christi,two,xdolec1@jumpstartlab.com,202-302-7000,3003 Van Ness St. NW #S606,Washington,DC,20008
2630,1/25/09 23:14,david,francom redstone,el69703@jumpstartlab.com,(360) 790-3000,2223 H St NW,Washington,DC,20052
2639,1/26/09 12:52,kyle,melas,mbduan08@jumpstartlab.com,3107798000,1409 37th St. NW,Washington,DC,20007
2670,1/26/09 20:52,julie,doe,hcilson@jumpstartlab.com,240-393-7000,1620 Argonne Place N.W.,Washington,DC,20009
2679,1/26/09 22:18,rosemary,hileman,rapsherryx3@jumpstartlab.com,703-389-0000,4110 14th St. NW,Washington,DC,20011
2680,1/26/09 22:22,maura,viglietta,updkinss@jumpstartlab.com,917-407-4000,4110 14th St. NW,Washington,DC,20011
2709,1/27/09 0:36,allison,dolkart,ieim19@jumpstartlab.com,607-346-6000,2021 F Street NW,Washington,DC,20052
2715,1/27/09 10:44,mary,ther,hobdul27@jumpstartlab.com,202-494-2000,1858 California St. NW #41,Washington,DC,20009
2716,1/27/09 10:48,sasha,reilly,faomas.Berlangera@jumpstartlab.com,706-832-2000,1928 38th ST NW,Washington,DC,20007
2723,1/27/09 13:37,catherine,varlese,gusonsm@jumpstartlab.com,510 657 7000,800 florida ave ne #1224,washington,DC,20002
2753,1/28/09 11:16,elizabeth,garlick,vnisha_pavao@jumpstartlab.com,(202) 319-2000,"702 H St NW, Ste 300",Washington,DC,20001
2755,1/28/09 11:20,sally,carey,apu.brazell@jumpstartlab.com,(202) 319-2000,"702 H St NW, Ste 300",Washington,DC,20001
2848,1/29/09 12:08,melissa,frys,ab136507@jumpstartlab.com,5418684000,1302 36th St NW,Washington,DC,20007
2857,1/29/09 13:33,tamer,deveau,wgurns4@jumpstartlab.com,2029975000,1718 21st Street NW,Washington,DC,20009
2927,1/29/09 16:53,lisa,davis,hg@jumpstartlab.com,301-675-4000,4461 Westover Place,Washington,DC,20016
2932,1/29/09 18:04,ansally,pfeiffer,pltanich@jumpstartlab.com,908.307.4000,"2124 Eye St NW, West End #506",Washington,DC,20052
2934,1/29/09 18:39,nathalie,oblisk,ryaole@jumpstartlab.com,443.386.6000,"2350 H St NW, New Hall 707",Washington,DC,20052
2935,1/29/09 18:43,leslye,fong,xksonVates@jumpstartlab.com,718.308.8000,"2119 H St NW, Crawford #210",Washington,DC,20052
2936,1/29/09 18:46,wesley,aroneanu,efraguza@jumpstartlab.com,908-672-3000,"2021 F St NW, Potomac #1006",Washington,DC,20052
2938,1/29/09 18:50,anita,singh,xjlomo68@jumpstartlab.com,440-725-9000,"1900 F St NW, Thurston #221",Washington,DC,20052
2940,1/29/09 18:56,stephen,oheim,kuack@jumpstartlab.com,410.302.0000,"1900 F St NW, Thurston #418",Washington,DC,20052
2985,1/29/09 22:01,ivey,albeck,bxll13@jumpstartlab.com,6035627000,"4425 Reno Road, NW",Washington,DC,20008
3003,1/30/09 10:37,alison,england,wlutko@jumpstartlab.com,508 404 6000,1673 Columbia Rd. NW Apt. 400,Washington,DC,20009
3137,1/30/09 14:16,maria,amster,ckongwer@jumpstartlab.com,xxxx000,155 Indian Avenue,Lawrence,DC,66046
3143,1/30/09 14:29,annelise,tsuji,hrchaelaraman@jumpstartlab.com,xxxx000,235 2nd St NE,Washington,DC,20002
3158,1/30/09 14:44,megan,arene-morley,fhanchan@jumpstartlab.com,2022977000,37th and O Streets NW,Washington,DC,20057
3454,1/31/09 8:55,chris,doane,kpilch1@jumpstartlab.com,9187069000,Copley G17 Box 573539 Georgetown University,Washington,DC,20057
3491,1/31/09 13:14,molly,saretzky,vcsh7444@jumpstartlab.com,202-386-2000,"2022 15th Street, NW",Washington,DC,20009
3492,1/31/09 13:19,skye,bulis,hecameri@jumpstartlab.com,202-213-8000,"1500 Massachusetts Ave, #546",Washington,DC,20005
3581,1/31/09 15:53,matthew,hutton,ydwittig@jumpstartlab.com,8452249000,"512 McCarthy Hall, Georgetown University",Washington,DC,20057
3647,1/31/09 16:45,rei,doe,fuusso@jumpstartlab.com,8452249000,Box 573757,Washington,DC,20057
3678,1/31/09 17:26,monica,cormia,ksf_hellerla@jumpstartlab.com,5163840000,"Georgetown University, Village A F206",Washington,DC,20057
3903,1/31/09 21:44,david,larsson,cwtchell67@jumpstartlab.com,5176554000,1608 Rhode Island Ave NW,Washington,DC,0
3951,1/31/09 23:02,kimberly,sikes,er00168456@jumpstartlab.com,202-256-1000,3626 T St,Washington,DC,20007
3981,2/1/09 2:36,stephanie,miller,put.springer@jumpstartlab.com,202-468-5000,3636 T St. NW,Washington,DC,20007
4049,2/1/09 12:54,cara,roe,ijurf@jumpstartlab.com,6175296000,"736 22nd St NW, Room 706",Washington,DC,20052
4053,2/1/09 13:06,joe,vernon,xkmes.p.gilchrist@jumpstartlab.com,720-934-8000,3636 T St. NW,Washington,DC,20007
4064,2/1/09 13:35,jamie,schreck,jdeley11@jumpstartlab.com,3303042000,1515 3rd St. NW,Washington,DC,20001
4086,2/1/09 14:09,kristen,lancaster,xuller@jumpstartlab.com,260-460-0000,"1255 New Hampshire Ave NW, Apt 108",Washington,DC,20036
4116,2/1/09 14:41,kasey,smith,yochellejcoker@jumpstartlab.com,(202) 588-0000,1727 Massachusetts Ave NW,Washington,DC,20036
4130,2/1/09 14:57,rufio,light,itristinalouisebell@jumpstartlab.com,4156997000,1608 Rhode Island Ave,Washington DC,DC,20036
4151,2/1/09 15:29,ethan,chang,hhhn.walker@jumpstartlab.com,510-610-1000,"1608 Rhode Island Ave, NW",Washington,DC,20036
4154,2/1/09 15:32,jason,costantino,efochner@jumpstartlab.com,626-840-6000,"1608 Rhode Island Ave, NW",Washington,DC,20036
4156,2/1/09 15:37,dan,bryant,eyrzipan@jumpstartlab.com,510-452-7000,"1608 Rhode Island Ave, NW",Washington,DC,20036
4159,2/1/09 15:44,john,zeller,eyudartj@jumpstartlab.com,805-766-2000,"1608 Rhode Island Ave, NW",Washington,DC,20036
4294,2/1/09 17:59,ellen,graham,bkorris@jumpstartlab.com,202-657-9000,58 Bryant Street NW,Washington,DC,20001
4336,2/1/09 18:30,miranda,lee tan,bbeyward09@jumpstartlab.com,202-546-7000,2531 Q St. NW Apt. 205,Washington,DC,20007
4380,2/1/09 19:13,kelly,oldershaw,rlandros@jumpstartlab.com,5177127000,"Harbin 726, Georgetown University",Washington,DC,20057
4381,2/1/09 19:13,nancy,davis,weey.wohlfeld@jumpstartlab.com,8452249000,Box 574262 Georgetown University,Washington,DC,4262
4404,2/1/09 19:31,charles,gray,qdrikyassien@jumpstartlab.com,503-380-2000,4400 Massachusetts Avenue,Washington,DC,20016
4408,2/1/09 19:36,molly,kraft,qncarter@jumpstartlab.com,6174808000,"2000 N Street, NW",Washington,DC,20036
4411,2/1/09 19:37,jill,futterman,dprent08@jumpstartlab.com,503-380-2000,4400 Massachusetts Avenue,Washington,DC,20016
4422,2/1/09 19:42,dominique,rasmussen,gaffey@jumpstartlab.com,859-948-5000,4400 Massachusetts Avenue,Washington,DC,20016
4426,2/1/09 19:46,jeanna,de soto,kce.chadcarson+4@jumpstartlab.com,206-261-8000,4400 Massachusetts Avenue,Washington,DC,20016
4431,2/1/09 19:49,mackenzie,davila,nmkokal@jumpstartlab.com,541-760-8000,4400 Massachusetts Avenue,Washington,DC,0
4439,2/1/09 19:56,holly,mcloughlin,if338@jumpstartlab.com,541-760-8000,4400 Massachusetts Avenue,Washington,DC,20016
4449,2/1/09 19:59,kelsey,wadsworth,cmartzel@jumpstartlab.com,949-547-8000,901 6th St. SW Apt 414A,Washington,DC,20024
4451,2/1/09 20:00,aaron,cappelli,mwgan.foster@jumpstartlab.com,610-324-8000,4400 Massachusetts Avenue,Washington,DC,20016
4457,2/1/09 20:03,jennifer,wichman,vehns1jm@jumpstartlab.com,503-258-7000,4400 Massachusetts Avenue,Washington,DC,20016
4465,2/1/09 20:07,dan,schwaller,tfpomeroy@jumpstartlab.com,415-847-0000,4400 Massachusetts Avenue,Washington,DC,20016
4470,2/1/09 20:11,jorge,kagan,utrtjp@jumpstartlab.com,410-652-0000,4400 Massachusetts Avenue,Washington,DC,20016
4477,2/1/09 20:14,perry,shillingford,sryers@jumpstartlab.com,978-855-8000,4400 Massachusetts Avenue,Washington,DC,20016
4486,2/1/09 20:19,sam,kneidinger,pskiha@jumpstartlab.com,505-563-0000,4400 Massachusetts Avenue,Washington,DC,20016
4487,2/1/09 20:20,lauren,elion,phya_godwin@jumpstartlab.com,626-598-5000,"901 6th St. SW, Apt 414A",Washington,DC,20024
4493,2/1/09 20:23,vanessa,dube,kmbrink08@jumpstartlab.com,404-488-6000,4400 Massachusetts Avenue,Washington,DC,20016
4498,2/1/09 20:27,kelley,boyyyyy,qswolf@jumpstartlab.com,202-885-1000,4400 Massachusetts Avenue,Washington,DC,20016
4507,2/1/09 20:30,chris,edge,pcickers@jumpstartlab.com,503-998-8000,4400 Massachusetts Avenue,washington,DC,20016
4509,2/1/09 20:30,ryan,shearer,hollins.756@jumpstartlab.com,626.290.6000,901 6th St. SW Apt 414A,Washington,DC,20024
4514,2/1/09 20:34,teen,powers,ren@jumpstartlab.com,570-982-92000,4400 Massachusetts Avenue,Washington,DC,20016
4519,2/1/09 20:36,alicia,krautheim,vnrossm2@jumpstartlab.com,270-282-1000,4400 Massachusetts Avenue,Washington,DC,20016
4524,2/1/09 20:38,troy,seithers,vtottc@jumpstartlab.com,717-669-3000,4400 Massachusetts Avenue,Washington,DC,20016
4533,2/1/09 20:43,ileana,meyer,slnny.woldorf@jumpstartlab.com,570-982-92000,4400 Massachusetts Avenue,Washington,DC,20016
4545,2/1/09 20:50,breena,ghaelian,ugyer20n@jumpstartlab.com,650-303-6000,4400 Massachusetts Avenue,Washington,DC,20016
4561,2/1/09 20:59,lindsay,betancourt,fkll11@jumpstartlab.com,202-882-3000,1507 Gallatin Street NW,"Washington, DC",DC,20011
4566,2/1/09 21:01,praween,green,yswwwwwwwwww@jumpstartlab.com,443-789-4000,4400 Massachusetts Avenue,Washington,DC,20016
4570,2/1/09 21:04,lisa,gallenstein,qas6240@jumpstartlab.com,615-512-7000,4400 Massachusetts Avenue,Washington,DC,20016
4576,2/1/09 21:08,david,cardinal,ptodallm@jumpstartlab.com,412-613-7000,4400 Massachusetts Avenue,washington,DC,20016
4584,2/1/09 21:12,paul,davison,wcll16@jumpstartlab.com,305-283-5000,4400 Massachusetts Avenue,Washington,DC,20016
4594,2/1/09 21:15,x,gasparek,qr8602a@jumpstartlab.com,610-295-4000,4400 Massachusetts Avenue,Washington,DC,20016
4602,2/1/09 21:18,blaine,gandi,ptbatebob@jumpstartlab.com,609-713-0000,4400 Massachusetts Avenue,Washington,DC,20016
4611,2/1/09 21:21,connie,swartwood,btndguage@jumpstartlab.com,516-996-7000,4400 Massachusetts Avenue,Washington,DC,20016
4623,2/1/09 21:25,leila,bischoff,mkoodman@jumpstartlab.com,781-424-0000,4400 Massachusetts Avenue,Washington,DC,20016
4636,2/1/09 21:28,winter,parvaz,knllyhorak@jumpstartlab.com,817-874-7000,4400 Massachusetts Avenue,Washington,DC,20016
4640,2/1/09 21:29,cameron,bhalsod,eoawrence2@jumpstartlab.com,717-339-7000,4400 Massachusetts Avenue,Washington,DC,20016
4649,2/1/09 21:31,laura,phillips,xgarotzky@jumpstartlab.com,603-562-8000,1217 Franklin St NE,Washington,DC,20017
4659,2/1/09 21:36,boris,mostow,rcrdos12@jumpstartlab.com,631-241-5000,4400 Massachusetts Avenue,washington,DC,20016
4670,2/1/09 21:41,astrid,peffier,alcoolfool@jumpstartlab.com,401-578-8000,4400 Massachusetts Avenue,Washington,DC,20016
4678,2/1/09 21:44,erica,duval,uasample@jumpstartlab.com,636-489-9000,4400 Massachusetts Avenue,Washington,DC,20016
4685,2/1/09 21:46,lubaba,geisinger,pqchellefwebb@jumpstartlab.com,508-254-4000,4400 Massachusetts Avenue,Washington,DC,20016
4702,2/1/09 21:54,ashley,kubica,pldrew.mariotti@jumpstartlab.com,781-479-6000,4400 Massachusetts Avenue,Washington,DC,20016
4712,2/1/09 21:58,adrienne,lutch,bmalprin@jumpstartlab.com,610-858-5000,4400 Massachusetts Avenue,Washington,DC,20016
4725,2/1/09 22:02,cody,doe,tkstressneko.lily@jumpstartlab.com,704-737-8000,4400 Massachusetts Avenue,Washington,DC,20016
4729,2/1/09 22:04,finn,gloster,end211@jumpstartlab.com,484-653-7000,4400 Massachusetts Avenue,Washington,DC,20016
4750,2/1/09 22:13,melissa,bowling,yim138@jumpstartlab.com,631-223-6000,736 22nd Street rm 205,Washington DC,DC,20052
4813,2/1/09 22:49,nicole,porter,iqryars11@jumpstartlab.com,510-508-0000,1608 Rhode Island Ave. NW #708,Washington,DC,20036
4823,2/1/09 22:53,jafar,cotton,hroon-van-diest.4@jumpstartlab.com,5408883000,1616 P. Street NW Suite 340,Washington,DC,20036
4835,2/1/09 22:58,nicole,six,un404607@jumpstartlab.com,5408883000,1616 P. street NW suite 340,washington,DC,20036
4843,2/1/09 23:01,aidan,o'neill,uhham.christie@jumpstartlab.com,5408883000,1616 P. street NW suite 340,washington,DC,20036
4847,2/1/09 23:05,k,rempel,ry5309a@jumpstartlab.com,5408883000,1616 P. street NW suite 340,washington,DC,20036
4852,2/1/09 23:07,katelyn,mohammed,vxpl3@jumpstartlab.com,5408883000,1616 P. street NW suite 340,washington,DC,20036
4859,2/1/09 23:10,amanda,johnson,vqhndoe@jumpstartlab.com,5408883000,1616 P. street NW suite 340,washington,DC,20036
4872,2/1/09 23:13,b,liakos,urviroaction@jumpstartlab.com,5408883000,1616 P. street NW suite 340,washington,DC,20036
4880,2/1/09 23:16,emily,hoepfinger,buifkin@jumpstartlab.com,5408883000,1616 P. street NW suite 340,washington,DC,20036
4884,2/1/09 23:18,kyle,hoyles,kehndoe12@jumpstartlab.com,5408883000,1616 P. street NW suite 340,washington,DC,20036
4891,2/1/09 23:20,ralph,locascio,eey.mehulebrun@jumpstartlab.com,5408883000,1616 P. street NW suite 340,washington,DC,20036
4902,2/1/09 23:24,samuel,lambert-williams,emapman.elisabeth@jumpstartlab.com,5408883000,1616 P. street NW suite 340,washington,DC,20036
4908,2/1/09 23:26,laura,bennett,sqerson1@jumpstartlab.com,5408883000,1616 P Street NW Suite 340,washington,DC,20036
4918,2/1/09 23:30,caitlin,easter,ghel@jumpstartlab.com,310-569-8000,321 South Carolina Ave SE,Washington,DC,20003
4919,2/1/09 23:30,torsten,weber-shirk,ggd2543@jumpstartlab.com,5408883000,1616 P Street NW Suite 340,Washington,DC,20036
4929,2/1/09 23:31,mrinalini,billman,ihnwaax07@jumpstartlab.com,5408883000,1616 P Street NW Suite 340,Washington,DC,20036
4938,2/1/09 23:34,tom,pomeroy,gkackwella2@jumpstartlab.com,5408883000,1616 P Street NW Suite 340,Washington,DC,20036
5066,2/2/09 0:44,abby,peterson,jweise@jumpstartlab.com,323-687-0000,"1608 Rhode Island Ave, NW",Washington,DC,20036
5068,2/2/09 0:50,kate,scholnick,xrvanals@jumpstartlab.com,323-687-0000,"1608 Rhode Island Ave, NW",Washington,DC,20036
5069,2/2/09 0:52,michelle,rudderman,fwchtywr@jumpstartlab.com,8473478000,Georgetown University Kennedy K-227,Washington,DC,20057
5072,2/2/09 0:55,bryce,lupolt,qclese_11@jumpstartlab.com,831-419-7000,"1608 Rhode Island Ave, NW Apt 908",Washington,DC,20036
5157,2/2/09 10:07,simone,sosin,kferriam@jumpstartlab.com,202 481 8000,1333 H St. NW 1st Floor,Washington,DC,20005
5159,2/2/09 10:38,allison,coronado,beblaaron01@jumpstartlab.com,805-448-1000,"2100 I Street, NW, GW University â€“ Lafayette Hall #403",Washington,DC,20052
5162,2/2/09 10:45,anika,roux,clanessaj@jumpstartlab.com,773-569-2000,215 Pennsylvania Ave. SE 3rd FL,Washington,DC,20003
5175,2/2/09 12:34,greg,saunders,jyukhov@jumpstartlab.com,240 645 5000,"3000 Cathedral Ave, NW",Washington,DC,20008
